session_id,source_file,probe,count
session-vibe-02,logs\cases\step0-vibe\session-vibe-02.jsonl,chromium,1
session-vibe-02,logs\cases\step0-vibe\session-vibe-02.jsonl,chromium-browser,1
session-vibe-02,logs\cases\step0-vibe\session-vibe-02.jsonl,convert,1
session-vibe-02,logs\cases\step0-vibe\session-vibe-02.jsonl,google-chrome,1
session-vibe-02,logs\cases\step0-vibe\session-vibe-02.jsonl,gs,1
session-vibe-02,logs\cases\step0-vibe\session-vibe-02.jsonl,mutool,1
session-vibe-02,logs\cases\step0-vibe\session-vibe-02.jsonl,pagedjs,1
session-vibe-02,logs\cases\step0-vibe\session-vibe-02.jsonl,pandoc,1
session-vibe-02,logs\cases\step0-vibe\session-vibe-02.jsonl,pdfinfo,1
session-vibe-02,logs\cases\step0-vibe\session-vibe-02.jsonl,pdftoppm,2
session-vibe-02,logs\cases\step0-vibe\session-vibe-02.jsonl,pdftotext,1
session-vibe-02,logs\cases\step0-vibe\session-vibe-02.jsonl,prince,1
session-vibe-02,logs\cases\step0-vibe\session-vibe-02.jsonl,tesseract,1
session-vibe-02,logs\cases\step0-vibe\session-vibe-02.jsonl,weasyprint,1
session-vibe-02,logs\cases\step0-vibe\session-vibe-02.jsonl,wkhtmltopdf,1
session-vibe-02,logs\cases\step0-vibe\session-vibe-02.jsonl,xelatex,1
session-vibe-05,logs\cases\step0-vibe\session-vibe-05.jsonl,chromedriver,1
session-vibe-05,logs\cases\step0-vibe\session-vibe-05.jsonl,chromium,1
session-vibe-05,logs\cases\step0-vibe\session-vibe-05.jsonl,chromium-browser,1
session-vibe-05,logs\cases\step0-vibe\session-vibe-05.jsonl,chromium-driver,1
session-vibe-05,logs\cases\step0-vibe\session-vibe-05.jsonl,firefox,1
session-vibe-05,logs\cases\step0-vibe\session-vibe-05.jsonl,google-chrome,1
session-vibe-05,logs\cases\step0-vibe\session-vibe-05.jsonl,node,1
session-vibe-05,logs\cases\step0-vibe\session-vibe-05.jsonl,npm,1
session-vibe-05,logs\cases\step0-vibe\session-vibe-05.jsonl,python3,1
session-vibe-06,logs\cases\step0-vibe\session-vibe-06.jsonl,chafa,1
session-vibe-06,logs\cases\step0-vibe\session-vibe-06.jsonl,img2txt,1
session-vibe-06,logs\cases\step0-vibe\session-vibe-06.jsonl,jp2,1
session-vibe-06,logs\cases\step0-vibe\session-vibe-06.jsonl,tesseract,1
session-vibe-06,logs\cases\step0-vibe\session-vibe-06.jsonl,viu,1
session-vibe-07,logs\cases\step0-vibe\session-vibe-07.jsonl,chromium,1
session-vibe-07,logs\cases\step0-vibe\session-vibe-07.jsonl,chromium-browser,1
session-vibe-07,logs\cases\step0-vibe\session-vibe-07.jsonl,firefox,1
session-vibe-07,logs\cases\step0-vibe\session-vibe-07.jsonl,google-chrome,1
session-vibe-07,logs\cases\step0-vibe\session-vibe-07.jsonl,wkhtmltoimage,1
session-vibe-08,logs\cases\step0-vibe\session-vibe-08.jsonl,cmake,2
session-vibe-08,logs\cases\step0-vibe\session-vibe-08.jsonl,dpkg-deb,1
session-case-07,logs\cases\step0\session-case-07.jsonl,chafa,1
session-case-07,logs\cases\step0\session-case-07.jsonl,img2txt,1
session-case-07,logs\cases\step0\session-case-07.jsonl,jp2,1
session-case-07,logs\cases\step0\session-case-07.jsonl,viu,1
session-case-11,logs\cases\step0\session-case-11.jsonl,libreoffice,1
session-case-11,logs\cases\step0\session-case-11.jsonl,pandoc,1
session-case-11,logs\cases\step0\session-case-11.jsonl,pdfimages,1
session-case-11,logs\cases\step0\session-case-11.jsonl,pdfinfo,1
session-case-11,logs\cases\step0\session-case-11.jsonl,pdflatex,1
session-case-11,logs\cases\step0\session-case-11.jsonl,pdftotext,1
session-case-11,logs\cases\step0\session-case-11.jsonl,weasyprint,1
session-case-11,logs\cases\step0\session-case-11.jsonl,wkhtmltopdf,1
session-case-11,logs\cases\step0\session-case-11.jsonl,xelatex,1
双叉臂测试-step0,logs\双叉臂测试-step0.jsonl,chafa,1
双叉臂测试-step0,logs\双叉臂测试-step0.jsonl,chromium,1
双叉臂测试-step0,logs\双叉臂测试-step0.jsonl,chromium-browser,1
双叉臂测试-step0,logs\双叉臂测试-step0.jsonl,google-chrome,1
双叉臂测试-step0,logs\双叉臂测试-step0.jsonl,img2txt,1
双叉臂测试-step0,logs\双叉臂测试-step0.jsonl,jp2,1
双叉臂测试-step0,logs\双叉臂测试-step0.jsonl,tesseract,1
双叉臂测试-step0,logs\双叉臂测试-step0.jsonl,viu,1
双叉臂测试,logs\双叉臂测试.jsonl,chafa,2
双叉臂测试,logs\双叉臂测试.jsonl,chromium,1
双叉臂测试,logs\双叉臂测试.jsonl,chromium-browser,1
双叉臂测试,logs\双叉臂测试.jsonl,convert,1
双叉臂测试,logs\双叉臂测试.jsonl,firefox,1
双叉臂测试,logs\双叉臂测试.jsonl,google-chrome,1
双叉臂测试,logs\双叉臂测试.jsonl,identify,1
双叉臂测试,logs\双叉臂测试.jsonl,img2txt,1
双叉臂测试,logs\双叉臂测试.jsonl,jp2,1
双叉臂测试,logs\双叉臂测试.jsonl,tesseract,1
双叉臂测试,logs\双叉臂测试.jsonl,txt2img,1
双叉臂测试,logs\双叉臂测试.jsonl,viu,1
