session_id,source_file,executable,count
session-vibe-01,logs\cases\step0-vibe\session-vibe-01.jsonl,cat,8
session-vibe-01,logs\cases\step0-vibe\session-vibe-01.jsonl,cd,6
session-vibe-01,logs\cases\step0-vibe\session-vibe-01.jsonl,chmod,1
session-vibe-01,logs\cases\step0-vibe\session-vibe-01.jsonl,echo,9
session-vibe-01,logs\cases\step0-vibe\session-vibe-01.jsonl,find,2
session-vibe-01,logs\cases\step0-vibe\session-vibe-01.jsonl,grep,1
session-vibe-01,logs\cases\step0-vibe\session-vibe-01.jsonl,head,3
session-vibe-01,logs\cases\step0-vibe\session-vibe-01.jsonl,ls,6
session-vibe-01,logs\cases\step0-vibe\session-vibe-01.jsonl,pwd,2
session-vibe-01,logs\cases\step0-vibe\session-vibe-01.jsonl,python3,19
session-vibe-01,logs\cases\step0-vibe\session-vibe-01.jsonl,rm,1
session-vibe-01,logs\cases\step0-vibe\session-vibe-01.jsonl,sed,2
session-vibe-01,logs\cases\step0-vibe\session-vibe-01.jsonl,sort,2
session-vibe-01,logs\cases\step0-vibe\session-vibe-01.jsonl,tail,3
session-vibe-01,logs\cases\step0-vibe\session-vibe-01.jsonl,true,2
session-vibe-02,logs\cases\step0-vibe\session-vibe-02.jsonl,apt-cache,2
session-vibe-02,logs\cases\step0-vibe\session-vibe-02.jsonl,apt-get,2
session-vibe-02,logs\cases\step0-vibe\session-vibe-02.jsonl,cat,5
session-vibe-02,logs\cases\step0-vibe\session-vibe-02.jsonl,cd,34
session-vibe-02,logs\cases\step0-vibe\session-vibe-02.jsonl,convert,10
session-vibe-02,logs\cases\step0-vibe\session-vibe-02.jsonl,du,5
session-vibe-02,logs\cases\step0-vibe\session-vibe-02.jsonl,echo,21
session-vibe-02,logs\cases\step0-vibe\session-vibe-02.jsonl,fc-list,2
session-vibe-02,logs\cases\step0-vibe\session-vibe-02.jsonl,find,8
session-vibe-02,logs\cases\step0-vibe\session-vibe-02.jsonl,google-chrome,2
session-vibe-02,logs\cases\step0-vibe\session-vibe-02.jsonl,grep,7
session-vibe-02,logs\cases\step0-vibe\session-vibe-02.jsonl,gs,4
session-vibe-02,logs\cases\step0-vibe\session-vibe-02.jsonl,head,12
session-vibe-02,logs\cases\step0-vibe\session-vibe-02.jsonl,identify,1
session-vibe-02,logs\cases\step0-vibe\session-vibe-02.jsonl,ls,18
session-vibe-02,logs\cases\step0-vibe\session-vibe-02.jsonl,pandoc,1
session-vibe-02,logs\cases\step0-vibe\session-vibe-02.jsonl,pdfinfo,1
session-vibe-02,logs\cases\step0-vibe\session-vibe-02.jsonl,pip,6
session-vibe-02,logs\cases\step0-vibe\session-vibe-02.jsonl,pwd,4
session-vibe-02,logs\cases\step0-vibe\session-vibe-02.jsonl,python,32
session-vibe-02,logs\cases\step0-vibe\session-vibe-02.jsonl,python3,66
session-vibe-02,logs\cases\step0-vibe\session-vibe-02.jsonl,rm,2
session-vibe-02,logs\cases\step0-vibe\session-vibe-02.jsonl,sed,39
session-vibe-02,logs\cases\step0-vibe\session-vibe-02.jsonl,sort,5
session-vibe-02,logs\cases\step0-vibe\session-vibe-02.jsonl,tail,16
session-vibe-02,logs\cases\step0-vibe\session-vibe-02.jsonl,tesseract,9
session-vibe-02,logs\cases\step0-vibe\session-vibe-02.jsonl,true,8
session-vibe-02,logs\cases\step0-vibe\session-vibe-02.jsonl,wc,4
session-vibe-02,logs\cases\step0-vibe\session-vibe-02.jsonl,which,10
session-vibe-02,logs\cases\step0-vibe\session-vibe-02.jsonl,xelatex,1
session-vibe-03,logs\cases\step0-vibe\session-vibe-03.jsonl,cat,12
session-vibe-03,logs\cases\step0-vibe\session-vibe-03.jsonl,cd,7
session-vibe-03,logs\cases\step0-vibe\session-vibe-03.jsonl,diff,1
session-vibe-03,logs\cases\step0-vibe\session-vibe-03.jsonl,echo,15
session-vibe-03,logs\cases\step0-vibe\session-vibe-03.jsonl,file,1
session-vibe-03,logs\cases\step0-vibe\session-vibe-03.jsonl,find,3
session-vibe-03,logs\cases\step0-vibe\session-vibe-03.jsonl,git,3
session-vibe-03,logs\cases\step0-vibe\session-vibe-03.jsonl,ls,4
session-vibe-03,logs\cases\step0-vibe\session-vibe-03.jsonl,pip,1
session-vibe-03,logs\cases\step0-vibe\session-vibe-03.jsonl,pwd,3
session-vibe-03,logs\cases\step0-vibe\session-vibe-03.jsonl,python,6
session-vibe-03,logs\cases\step0-vibe\session-vibe-03.jsonl,python3,5
session-vibe-03,logs\cases\step0-vibe\session-vibe-03.jsonl,sed,1
session-vibe-03,logs\cases\step0-vibe\session-vibe-03.jsonl,sort,2
session-vibe-03,logs\cases\step0-vibe\session-vibe-03.jsonl,tail,2
session-vibe-03,logs\cases\step0-vibe\session-vibe-03.jsonl,true,2
session-vibe-04,logs\cases\step0-vibe\session-vibe-04.jsonl,cat,9
session-vibe-04,logs\cases\step0-vibe\session-vibe-04.jsonl,cd,8
session-vibe-04,logs\cases\step0-vibe\session-vibe-04.jsonl,echo,14
session-vibe-04,logs\cases\step0-vibe\session-vibe-04.jsonl,exit,3
session-vibe-04,logs\cases\step0-vibe\session-vibe-04.jsonl,find,7
session-vibe-04,logs\cases\step0-vibe\session-vibe-04.jsonl,git,2
session-vibe-04,logs\cases\step0-vibe\session-vibe-04.jsonl,head,3
session-vibe-04,logs\cases\step0-vibe\session-vibe-04.jsonl,ls,4
session-vibe-04,logs\cases\step0-vibe\session-vibe-04.jsonl,mkdir,1
session-vibe-04,logs\cases\step0-vibe\session-vibe-04.jsonl,pip,1
session-vibe-04,logs\cases\step0-vibe\session-vibe-04.jsonl,pwd,2
session-vibe-04,logs\cases\step0-vibe\session-vibe-04.jsonl,python3,24
session-vibe-04,logs\cases\step0-vibe\session-vibe-04.jsonl,rm,5
session-vibe-04,logs\cases\step0-vibe\session-vibe-04.jsonl,sed,2
session-vibe-04,logs\cases\step0-vibe\session-vibe-04.jsonl,set,1
session-vibe-04,logs\cases\step0-vibe\session-vibe-04.jsonl,sort,5
session-vibe-04,logs\cases\step0-vibe\session-vibe-04.jsonl,tail,2
session-vibe-04,logs\cases\step0-vibe\session-vibe-04.jsonl,tee,3
session-vibe-04,logs\cases\step0-vibe\session-vibe-04.jsonl,true,2
session-vibe-04,logs\cases\step0-vibe\session-vibe-04.jsonl,wc,2
session-vibe-05,logs\cases\step0-vibe\session-vibe-05.jsonl,cat,5
session-vibe-05,logs\cases\step0-vibe\session-vibe-05.jsonl,cd,7
session-vibe-05,logs\cases\step0-vibe\session-vibe-05.jsonl,dpkg,1
session-vibe-05,logs\cases\step0-vibe\session-vibe-05.jsonl,echo,15
session-vibe-05,logs\cases\step0-vibe\session-vibe-05.jsonl,find,1
session-vibe-05,logs\cases\step0-vibe\session-vibe-05.jsonl,google-chrome,7
session-vibe-05,logs\cases\step0-vibe\session-vibe-05.jsonl,grep,6
session-vibe-05,logs\cases\step0-vibe\session-vibe-05.jsonl,head,13
session-vibe-05,logs\cases\step0-vibe\session-vibe-05.jsonl,kill,2
session-vibe-05,logs\cases\step0-vibe\session-vibe-05.jsonl,ls,7
session-vibe-05,logs\cases\step0-vibe\session-vibe-05.jsonl,mkdir,12
session-vibe-05,logs\cases\step0-vibe\session-vibe-05.jsonl,node,8
session-vibe-05,logs\cases\step0-vibe\session-vibe-05.jsonl,pip,1
session-vibe-05,logs\cases\step0-vibe\session-vibe-05.jsonl,pkill,10
session-vibe-05,logs\cases\step0-vibe\session-vibe-05.jsonl,pwd,3
session-vibe-05,logs\cases\step0-vibe\session-vibe-05.jsonl,python3,10
session-vibe-05,logs\cases\step0-vibe\session-vibe-05.jsonl,rm,10
session-vibe-05,logs\cases\step0-vibe\session-vibe-05.jsonl,sed,6
session-vibe-05,logs\cases\step0-vibe\session-vibe-05.jsonl,sleep,12
session-vibe-05,logs\cases\step0-vibe\session-vibe-05.jsonl,tail,5
session-vibe-05,logs\cases\step0-vibe\session-vibe-05.jsonl,timeout,7
session-vibe-05,logs\cases\step0-vibe\session-vibe-05.jsonl,true,11
session-vibe-05,logs\cases\step0-vibe\session-vibe-05.jsonl,wc,5
session-vibe-05,logs\cases\step0-vibe\session-vibe-05.jsonl,which,2
session-vibe-06,logs\cases\step0-vibe\session-vibe-06.jsonl,cat,14
session-vibe-06,logs\cases\step0-vibe\session-vibe-06.jsonl,cd,34
session-vibe-06,logs\cases\step0-vibe\session-vibe-06.jsonl,chafa,3
session-vibe-06,logs\cases\step0-vibe\session-vibe-06.jsonl,chmod,2
session-vibe-06,logs\cases\step0-vibe\session-vibe-06.jsonl,echo,7
session-vibe-06,logs\cases\step0-vibe\session-vibe-06.jsonl,file,1
session-vibe-06,logs\cases\step0-vibe\session-vibe-06.jsonl,find,2
session-vibe-06,logs\cases\step0-vibe\session-vibe-06.jsonl,head,3
session-vibe-06,logs\cases\step0-vibe\session-vibe-06.jsonl,ls,6
session-vibe-06,logs\cases\step0-vibe\session-vibe-06.jsonl,mkdir,1
session-vibe-06,logs\cases\step0-vibe\session-vibe-06.jsonl,pip,1
session-vibe-06,logs\cases\step0-vibe\session-vibe-06.jsonl,pngcheck,1
session-vibe-06,logs\cases\step0-vibe\session-vibe-06.jsonl,printf,2
session-vibe-06,logs\cases\step0-vibe\session-vibe-06.jsonl,pwd,1
session-vibe-06,logs\cases\step0-vibe\session-vibe-06.jsonl,python3,35
session-vibe-06,logs\cases\step0-vibe\session-vibe-06.jsonl,run.sh,3
session-vibe-06,logs\cases\step0-vibe\session-vibe-06.jsonl,sort,1
session-vibe-06,logs\cases\step0-vibe\session-vibe-06.jsonl,tesseract,3
session-vibe-06,logs\cases\step0-vibe\session-vibe-06.jsonl,true,8
session-vibe-06,logs\cases\step0-vibe\session-vibe-06.jsonl,which,5
session-vibe-06,logs\cases\step0-vibe\session-vibe-06.jsonl,xxd,1
session-vibe-07,logs\cases\step0-vibe\session-vibe-07.jsonl,cat,5
session-vibe-07,logs\cases\step0-vibe\session-vibe-07.jsonl,cd,8
session-vibe-07,logs\cases\step0-vibe\session-vibe-07.jsonl,chmod,1
session-vibe-07,logs\cases\step0-vibe\session-vibe-07.jsonl,echo,7
session-vibe-07,logs\cases\step0-vibe\session-vibe-07.jsonl,find,4
session-vibe-07,logs\cases\step0-vibe\session-vibe-07.jsonl,google-chrome,3
session-vibe-07,logs\cases\step0-vibe\session-vibe-07.jsonl,grep,1
session-vibe-07,logs\cases\step0-vibe\session-vibe-07.jsonl,head,4
session-vibe-07,logs\cases\step0-vibe\session-vibe-07.jsonl,ls,4
session-vibe-07,logs\cases\step0-vibe\session-vibe-07.jsonl,pip,1
session-vibe-07,logs\cases\step0-vibe\session-vibe-07.jsonl,printf,3
session-vibe-07,logs\cases\step0-vibe\session-vibe-07.jsonl,pwd,2
session-vibe-07,logs\cases\step0-vibe\session-vibe-07.jsonl,python3,12
session-vibe-07,logs\cases\step0-vibe\session-vibe-07.jsonl,rm,3
session-vibe-07,logs\cases\step0-vibe\session-vibe-07.jsonl,sed,2
session-vibe-07,logs\cases\step0-vibe\session-vibe-07.jsonl,sort,3
session-vibe-07,logs\cases\step0-vibe\session-vibe-07.jsonl,tail,3
session-vibe-07,logs\cases\step0-vibe\session-vibe-07.jsonl,wc,1
session-vibe-07,logs\cases\step0-vibe\session-vibe-07.jsonl,which,1
session-vibe-07,logs\cases\step0-vibe\session-vibe-07.jsonl,xxd,2
session-vibe-08,logs\cases\step0-vibe\session-vibe-08.jsonl,apt-cache,1
session-vibe-08,logs\cases\step0-vibe\session-vibe-08.jsonl,apt-get,4
session-vibe-08,logs\cases\step0-vibe\session-vibe-08.jsonl,cat,20
session-vibe-08,logs\cases\step0-vibe\session-vibe-08.jsonl,cd,37
session-vibe-08,logs\cases\step0-vibe\session-vibe-08.jsonl,chmod,1
session-vibe-08,logs\cases\step0-vibe\session-vibe-08.jsonl,cmake,21
session-vibe-08,logs\cases\step0-vibe\session-vibe-08.jsonl,consumer,2
session-vibe-08,logs\cases\step0-vibe\session-vibe-08.jsonl,cp,1
session-vibe-08,logs\cases\step0-vibe\session-vibe-08.jsonl,cpack,3
session-vibe-08,logs\cases\step0-vibe\session-vibe-08.jsonl,ctest,8
session-vibe-08,logs\cases\step0-vibe\session-vibe-08.jsonl,df,1
session-vibe-08,logs\cases\step0-vibe\session-vibe-08.jsonl,dpkg,1
session-vibe-08,logs\cases\step0-vibe\session-vibe-08.jsonl,dpkg-deb,4
session-vibe-08,logs\cases\step0-vibe\session-vibe-08.jsonl,echo,28
session-vibe-08,logs\cases\step0-vibe\session-vibe-08.jsonl,export,11
session-vibe-08,logs\cases\step0-vibe\session-vibe-08.jsonl,find,12
session-vibe-08,logs\cases\step0-vibe\session-vibe-08.jsonl,findmnt,5
session-vibe-08,logs\cases\step0-vibe\session-vibe-08.jsonl,g++,1
session-vibe-08,logs\cases\step0-vibe\session-vibe-08.jsonl,grep,8
session-vibe-08,logs\cases\step0-vibe\session-vibe-08.jsonl,head,23
session-vibe-08,logs\cases\step0-vibe\session-vibe-08.jsonl,id,1
session-vibe-08,logs\cases\step0-vibe\session-vibe-08.jsonl,install.sh,4
session-vibe-08,logs\cases\step0-vibe\session-vibe-08.jsonl,ldconfig,1
session-vibe-08,logs\cases\step0-vibe\session-vibe-08.jsonl,ls,24
session-vibe-08,logs\cases\step0-vibe\session-vibe-08.jsonl,make,4
session-vibe-08,logs\cases\step0-vibe\session-vibe-08.jsonl,mkdir,9
session-vibe-08,logs\cases\step0-vibe\session-vibe-08.jsonl,mount,1
session-vibe-08,logs\cases\step0-vibe\session-vibe-08.jsonl,pip,2
session-vibe-08,logs\cases\step0-vibe\session-vibe-08.jsonl,pwd,2
session-vibe-08,logs\cases\step0-vibe\session-vibe-08.jsonl,python3,14
session-vibe-08,logs\cases\step0-vibe\session-vibe-08.jsonl,readlink,1
session-vibe-08,logs\cases\step0-vibe\session-vibe-08.jsonl,rm,21
session-vibe-08,logs\cases\step0-vibe\session-vibe-08.jsonl,sed,11
session-vibe-08,logs\cases\step0-vibe\session-vibe-08.jsonl,sh,1
session-vibe-08,logs\cases\step0-vibe\session-vibe-08.jsonl,sha256sum,3
session-vibe-08,logs\cases\step0-vibe\session-vibe-08.jsonl,sort,8
session-vibe-08,logs\cases\step0-vibe\session-vibe-08.jsonl,tail,6
session-vibe-08,logs\cases\step0-vibe\session-vibe-08.jsonl,tar,9
session-vibe-08,logs\cases\step0-vibe\session-vibe-08.jsonl,textforge,8
session-vibe-08,logs\cases\step0-vibe\session-vibe-08.jsonl,timeout,2
session-vibe-08,logs\cases\step0-vibe\session-vibe-08.jsonl,touch,8
session-vibe-08,logs\cases\step0-vibe\session-vibe-08.jsonl,true,7
session-vibe-08,logs\cases\step0-vibe\session-vibe-08.jsonl,uname,1
session-vibe-08,logs\cases\step0-vibe\session-vibe-08.jsonl,unzip,1
session-vibe-08,logs\cases\step0-vibe\session-vibe-08.jsonl,wc,1
session-vibe-08,logs\cases\step0-vibe\session-vibe-08.jsonl,which,1
session-vibe-08,logs\cases\step0-vibe\session-vibe-08.jsonl,zip,1
session-case-01,logs\cases\step0\session-case-01.jsonl,cat,3
session-case-01,logs\cases\step0\session-case-01.jsonl,cd,2
session-case-01,logs\cases\step0\session-case-01.jsonl,echo,2
session-case-01,logs\cases\step0\session-case-01.jsonl,find,3
session-case-01,logs\cases\step0\session-case-01.jsonl,head,2
session-case-01,logs\cases\step0\session-case-01.jsonl,ls,3
session-case-01,logs\cases\step0\session-case-01.jsonl,pwd,2
session-case-01,logs\cases\step0\session-case-01.jsonl,python3,2
session-case-01,logs\cases\step0\session-case-01.jsonl,sed,2
session-case-01,logs\cases\step0\session-case-01.jsonl,sort,2
session-case-02,logs\cases\step0\session-case-02.jsonl,cat,2
session-case-02,logs\cases\step0\session-case-02.jsonl,echo,2
session-case-02,logs\cases\step0\session-case-02.jsonl,find,1
session-case-02,logs\cases\step0\session-case-02.jsonl,git,1
session-case-02,logs\cases\step0\session-case-02.jsonl,ls,1
session-case-02,logs\cases\step0\session-case-02.jsonl,pwd,1
session-case-02,logs\cases\step0\session-case-02.jsonl,python3,2
session-case-02,logs\cases\step0\session-case-02.jsonl,sed,2
session-case-02,logs\cases\step0\session-case-02.jsonl,sort,1
session-case-03,logs\cases\step0\session-case-03.jsonl,cat,3
session-case-03,logs\cases\step0\session-case-03.jsonl,echo,2
session-case-03,logs\cases\step0\session-case-03.jsonl,find,3
session-case-03,logs\cases\step0\session-case-03.jsonl,git,1
session-case-03,logs\cases\step0\session-case-03.jsonl,head,1
session-case-03,logs\cases\step0\session-case-03.jsonl,ls,1
session-case-03,logs\cases\step0\session-case-03.jsonl,python3,3
session-case-03,logs\cases\step0\session-case-03.jsonl,sed,1
session-case-03,logs\cases\step0\session-case-03.jsonl,sort,1
session-case-03,logs\cases\step0\session-case-03.jsonl,wc,3
session-case-04,logs\cases\step0\session-case-04.jsonl,cat,5
session-case-04,logs\cases\step0\session-case-04.jsonl,echo,6
session-case-04,logs\cases\step0\session-case-04.jsonl,file,1
session-case-04,logs\cases\step0\session-case-04.jsonl,find,1
session-case-04,logs\cases\step0\session-case-04.jsonl,head,3
session-case-04,logs\cases\step0\session-case-04.jsonl,ls,3
session-case-04,logs\cases\step0\session-case-04.jsonl,pwd,1
session-case-04,logs\cases\step0\session-case-04.jsonl,python3,2
session-case-04,logs\cases\step0\session-case-04.jsonl,sed,1
session-case-04,logs\cases\step0\session-case-04.jsonl,sha256sum,2
session-case-04,logs\cases\step0\session-case-04.jsonl,sort,1
session-case-04,logs\cases\step0\session-case-04.jsonl,wc,1
session-case-04,logs\cases\step0\session-case-04.jsonl,xxd,1
session-case-05,logs\cases\step0\session-case-05.jsonl,cat,5
session-case-05,logs\cases\step0\session-case-05.jsonl,echo,3
session-case-05,logs\cases\step0\session-case-05.jsonl,find,1
session-case-05,logs\cases\step0\session-case-05.jsonl,git,3
session-case-05,logs\cases\step0\session-case-05.jsonl,head,2
session-case-05,logs\cases\step0\session-case-05.jsonl,ls,1
session-case-05,logs\cases\step0\session-case-05.jsonl,pip,1
session-case-05,logs\cases\step0\session-case-05.jsonl,pwd,1
session-case-05,logs\cases\step0\session-case-05.jsonl,python,4
session-case-05,logs\cases\step0\session-case-05.jsonl,python3,12
session-case-05,logs\cases\step0\session-case-05.jsonl,sed,1
session-case-05,logs\cases\step0\session-case-05.jsonl,tail,3
session-case-06,logs\cases\step0\session-case-06.jsonl,cat,5
session-case-06,logs\cases\step0\session-case-06.jsonl,find,1
session-case-06,logs\cases\step0\session-case-06.jsonl,head,1
session-case-06,logs\cases\step0\session-case-06.jsonl,ls,1
session-case-06,logs\cases\step0\session-case-06.jsonl,printf,3
session-case-06,logs\cases\step0\session-case-06.jsonl,pwd,1
session-case-06,logs\cases\step0\session-case-06.jsonl,python3,2
session-case-06,logs\cases\step0\session-case-06.jsonl,sed,1
session-case-06,logs\cases\step0\session-case-06.jsonl,sort,1
session-case-07,logs\cases\step0\session-case-07.jsonl,cat,5
session-case-07,logs\cases\step0\session-case-07.jsonl,chafa,3
session-case-07,logs\cases\step0\session-case-07.jsonl,echo,6
session-case-07,logs\cases\step0\session-case-07.jsonl,fc-list,2
session-case-07,logs\cases\step0\session-case-07.jsonl,file,1
session-case-07,logs\cases\step0\session-case-07.jsonl,find,1
session-case-07,logs\cases\step0\session-case-07.jsonl,git,3
session-case-07,logs\cases\step0\session-case-07.jsonl,grep,1
session-case-07,logs\cases\step0\session-case-07.jsonl,head,6
session-case-07,logs\cases\step0\session-case-07.jsonl,img2txt,1
session-case-07,logs\cases\step0\session-case-07.jsonl,jp2,1
session-case-07,logs\cases\step0\session-case-07.jsonl,ls,3
session-case-07,logs\cases\step0\session-case-07.jsonl,pip,1
session-case-07,logs\cases\step0\session-case-07.jsonl,pwd,1
session-case-07,logs\cases\step0\session-case-07.jsonl,python,1
session-case-07,logs\cases\step0\session-case-07.jsonl,python3,15
session-case-07,logs\cases\step0\session-case-07.jsonl,sed,5
session-case-07,logs\cases\step0\session-case-07.jsonl,sort,1
session-case-07,logs\cases\step0\session-case-07.jsonl,tail,2
session-case-07,logs\cases\step0\session-case-07.jsonl,true,3
session-case-07,logs\cases\step0\session-case-07.jsonl,viu,1
session-case-07,logs\cases\step0\session-case-07.jsonl,wc,1
session-case-08,logs\cases\step0\session-case-08.jsonl,cat,5
session-case-08,logs\cases\step0\session-case-08.jsonl,echo,5
session-case-08,logs\cases\step0\session-case-08.jsonl,file,1
session-case-08,logs\cases\step0\session-case-08.jsonl,find,1
session-case-08,logs\cases\step0\session-case-08.jsonl,git,2
session-case-08,logs\cases\step0\session-case-08.jsonl,head,1
session-case-08,logs\cases\step0\session-case-08.jsonl,ls,3
session-case-08,logs\cases\step0\session-case-08.jsonl,pwd,1
session-case-08,logs\cases\step0\session-case-08.jsonl,python3,4
session-case-08,logs\cases\step0\session-case-08.jsonl,sed,3
session-case-08,logs\cases\step0\session-case-08.jsonl,sort,1
session-case-09,logs\cases\step0\session-case-09.jsonl,cat,4
session-case-09,logs\cases\step0\session-case-09.jsonl,echo,2
session-case-09,logs\cases\step0\session-case-09.jsonl,find,1
session-case-09,logs\cases\step0\session-case-09.jsonl,git,2
session-case-09,logs\cases\step0\session-case-09.jsonl,head,2
session-case-09,logs\cases\step0\session-case-09.jsonl,ls,3
session-case-09,logs\cases\step0\session-case-09.jsonl,mkdir,1
session-case-09,logs\cases\step0\session-case-09.jsonl,pwd,1
session-case-09,logs\cases\step0\session-case-09.jsonl,python,1
session-case-09,logs\cases\step0\session-case-09.jsonl,python3,6
session-case-09,logs\cases\step0\session-case-09.jsonl,sed,3
session-case-09,logs\cases\step0\session-case-09.jsonl,sort,1
session-case-09,logs\cases\step0\session-case-09.jsonl,tail,3
session-case-09,logs\cases\step0\session-case-09.jsonl,tee,1
session-case-09,logs\cases\step0\session-case-09.jsonl,true,1
session-case-10,logs\cases\step0\session-case-10.jsonl,cat,6
session-case-10,logs\cases\step0\session-case-10.jsonl,echo,5
session-case-10,logs\cases\step0\session-case-10.jsonl,find,2
session-case-10,logs\cases\step0\session-case-10.jsonl,head,2
session-case-10,logs\cases\step0\session-case-10.jsonl,ls,1
session-case-10,logs\cases\step0\session-case-10.jsonl,make,2
session-case-10,logs\cases\step0\session-case-10.jsonl,pwd,1
session-case-10,logs\cases\step0\session-case-10.jsonl,python3,1
session-case-10,logs\cases\step0\session-case-10.jsonl,sed,3
session-case-10,logs\cases\step0\session-case-10.jsonl,sort,1
session-case-10,logs\cases\step0\session-case-10.jsonl,wc,1
session-case-11,logs\cases\step0\session-case-11.jsonl,apt-cache,4
session-case-11,logs\cases\step0\session-case-11.jsonl,apt-get,7
session-case-11,logs\cases\step0\session-case-11.jsonl,cat,10
session-case-11,logs\cases\step0\session-case-11.jsonl,cd,31
session-case-11,logs\cases\step0\session-case-11.jsonl,chmod,1
session-case-11,logs\cases\step0\session-case-11.jsonl,cp,1
session-case-11,logs\cases\step0\session-case-11.jsonl,df,1
session-case-11,logs\cases\step0\session-case-11.jsonl,dpkg-deb,6
session-case-11,logs\cases\step0\session-case-11.jsonl,du,1
session-case-11,logs\cases\step0\session-case-11.jsonl,echo,8
session-case-11,logs\cases\step0\session-case-11.jsonl,export,3
session-case-11,logs\cases\step0\session-case-11.jsonl,file,1
session-case-11,logs\cases\step0\session-case-11.jsonl,find,3
session-case-11,logs\cases\step0\session-case-11.jsonl,git,7
session-case-11,logs\cases\step0\session-case-11.jsonl,grep,15
session-case-11,logs\cases\step0\session-case-11.jsonl,head,30
session-case-11,logs\cases\step0\session-case-11.jsonl,id,1
session-case-11,logs\cases\step0\session-case-11.jsonl,ldconfig,1
session-case-11,logs\cases\step0\session-case-11.jsonl,ldd,5
session-case-11,logs\cases\step0\session-case-11.jsonl,libreoffice,1
session-case-11,logs\cases\step0\session-case-11.jsonl,ls,17
session-case-11,logs\cases\step0\session-case-11.jsonl,mkdir,6
session-case-11,logs\cases\step0\session-case-11.jsonl,mount,1
session-case-11,logs\cases\step0\session-case-11.jsonl,od,1
session-case-11,logs\cases\step0\session-case-11.jsonl,pandoc,1
session-case-11,logs\cases\step0\session-case-11.jsonl,pdfimages,2
session-case-11,logs\cases\step0\session-case-11.jsonl,pdfinfo,6
session-case-11,logs\cases\step0\session-case-11.jsonl,pdflatex,1
session-case-11,logs\cases\step0\session-case-11.jsonl,pdftotext,6
session-case-11,logs\cases\step0\session-case-11.jsonl,pip,2
session-case-11,logs\cases\step0\session-case-11.jsonl,pwd,4
session-case-11,logs\cases\step0\session-case-11.jsonl,pypandoc,1
session-case-11,logs\cases\step0\session-case-11.jsonl,python,3
session-case-11,logs\cases\step0\session-case-11.jsonl,python3,20
session-case-11,logs\cases\step0\session-case-11.jsonl,rm,1
session-case-11,logs\cases\step0\session-case-11.jsonl,sed,7
session-case-11,logs\cases\step0\session-case-11.jsonl,set,2
session-case-11,logs\cases\step0\session-case-11.jsonl,sort,5
session-case-11,logs\cases\step0\session-case-11.jsonl,stat,1
session-case-11,logs\cases\step0\session-case-11.jsonl,tail,1
session-case-11,logs\cases\step0\session-case-11.jsonl,touch,1
session-case-11,logs\cases\step0\session-case-11.jsonl,true,17
session-case-11,logs\cases\step0\session-case-11.jsonl,uniq,1
session-case-11,logs\cases\step0\session-case-11.jsonl,wc,1
session-case-11,logs\cases\step0\session-case-11.jsonl,weasyprint,1
session-case-11,logs\cases\step0\session-case-11.jsonl,which,1
session-case-11,logs\cases\step0\session-case-11.jsonl,wkhtmltopdf,1
session-case-11,logs\cases\step0\session-case-11.jsonl,xelatex,1
session-case-12,logs\cases\step0\session-case-12.jsonl,cat,9
session-case-12,logs\cases\step0\session-case-12.jsonl,chmod,1
session-case-12,logs\cases\step0\session-case-12.jsonl,echo,13
session-case-12,logs\cases\step0\session-case-12.jsonl,find,2
session-case-12,logs\cases\step0\session-case-12.jsonl,git,7
session-case-12,logs\cases\step0\session-case-12.jsonl,grep,8
session-case-12,logs\cases\step0\session-case-12.jsonl,head,2
session-case-12,logs\cases\step0\session-case-12.jsonl,ls,5
session-case-12,logs\cases\step0\session-case-12.jsonl,ps,3
session-case-12,logs\cases\step0\session-case-12.jsonl,pwd,1
session-case-12,logs\cases\step0\session-case-12.jsonl,python3,4
session-case-12,logs\cases\step0\session-case-12.jsonl,sed,2
session-case-12,logs\cases\step0\session-case-12.jsonl,sha256sum,3
session-case-12,logs\cases\step0\session-case-12.jsonl,sort,1
session-case-12,logs\cases\step0\session-case-12.jsonl,ss,1
session-case-12,logs\cases\step0\session-case-12.jsonl,tail,2
session-case-12,logs\cases\step0\session-case-12.jsonl,true,7
双叉臂测试-step0,logs\双叉臂测试-step0.jsonl,cat,8
双叉臂测试-step0,logs\双叉臂测试-step0.jsonl,cd,16
双叉臂测试-step0,logs\双叉臂测试-step0.jsonl,chafa,5
双叉臂测试-step0,logs\双叉臂测试-step0.jsonl,echo,16
双叉臂测试-step0,logs\双叉臂测试-step0.jsonl,google-chrome,11
双叉臂测试-step0,logs\双叉臂测试-step0.jsonl,grep,6
双叉臂测试-step0,logs\双叉臂测试-step0.jsonl,head,14
双叉臂测试-step0,logs\双叉臂测试-step0.jsonl,kill,2
双叉臂测试-step0,logs\双叉臂测试-step0.jsonl,ls,6
双叉臂测试-step0,logs\双叉臂测试-step0.jsonl,node,18
双叉臂测试-step0,logs\双叉臂测试-step0.jsonl,pip,3
双叉臂测试-step0,logs\双叉臂测试-step0.jsonl,pkill,19
双叉臂测试-step0,logs\双叉臂测试-step0.jsonl,pwd,1
双叉臂测试-step0,logs\双叉臂测试-step0.jsonl,python3,85
双叉臂测试-step0,logs\双叉臂测试-step0.jsonl,rm,11
双叉臂测试-step0,logs\双叉臂测试-step0.jsonl,sed,1
双叉臂测试-step0,logs\双叉臂测试-step0.jsonl,sleep,11
双叉臂测试-step0,logs\双叉臂测试-step0.jsonl,tail,3
双叉臂测试-step0,logs\双叉臂测试-step0.jsonl,tesseract,2
双叉臂测试-step0,logs\双叉臂测试-step0.jsonl,timeout,5
双叉臂测试-step0,logs\双叉臂测试-step0.jsonl,true,13
双叉臂测试-step0,logs\双叉臂测试-step0.jsonl,wc,2
双叉臂测试-step0,logs\双叉臂测试-step0.jsonl,which,3
双叉臂测试,logs\双叉臂测试.jsonl,apt-get,4
双叉臂测试,logs\双叉臂测试.jsonl,cat,2
双叉臂测试,logs\双叉臂测试.jsonl,cd,8
双叉臂测试,logs\双叉臂测试.jsonl,echo,10
双叉臂测试,logs\双叉臂测试.jsonl,google-chrome,18
双叉臂测试,logs\双叉臂测试.jsonl,grep,17
双叉臂测试,logs\双叉臂测试.jsonl,head,6
双叉臂测试,logs\双叉臂测试.jsonl,id,1
双叉臂测试,logs\双叉臂测试.jsonl,kill,11
双叉臂测试,logs\双叉臂测试.jsonl,ls,6
双叉臂测试,logs\双叉臂测试.jsonl,node,22
双叉臂测试,logs\双叉臂测试.jsonl,pip,1
双叉臂测试,logs\双叉臂测试.jsonl,pwd,1
双叉臂测试,logs\双叉臂测试.jsonl,python3,41
双叉臂测试,logs\双叉臂测试.jsonl,rm,4
双叉臂测试,logs\双叉臂测试.jsonl,sed,1
双叉臂测试,logs\双叉臂测试.jsonl,sleep,11
双叉臂测试,logs\双叉臂测试.jsonl,tail,7
双叉臂测试,logs\双叉臂测试.jsonl,timeout,1
双叉臂测试,logs\双叉臂测试.jsonl,true,6
双叉臂测试,logs\双叉臂测试.jsonl,wc,1
双叉臂测试,logs\双叉臂测试.jsonl,which,3
